1,3.5583018610665,130.838836560953,0.0711000092134153,1.43488922110224,0.700374507365764,0.697044358266809,0.00711787956659383
2,3.82496502407604,98.2284958269799,-0.0717290699797801,0.809033389075652,0.668426746204081,0.665621092497743,1.4312203713983e-05
3,3.88854481942429,80.8253781465369,-0.164820370834677,0.00418037654013097,0.647050801239555,0.644848893454878,1.32459251010877e-05
4,3.83952698099718,84.2130104546855,-0.0449818620343958,3.65844435089579,0.678162428790577,0.677934927783436,1.25156767377912e-05
5,4.01649938727449,93.7356924664591,0.220253582175044,8.40958846648894,0.733716785397898,0.749136454015277,1.16087614105427e-05
6,3.65538919424424,60.2837308203515,0.15436170668778,5.92226093831274,0.619406711870504,0.71272724788284,1.63226735049352e-06
7,5.32669759546477,29.1512071237563,0.0301141331683476,2.39098792953929,0.537216155988781,0.537971382588262,1.44595076359239e-06
8,4.08836335870627,52.0684721332811,0.0386195818464471,6.0771024116816,0.598653554933405,0.629151635225724,2.8419384373757e-06
9,4.65842912264586,29.2850462017007,-0.0289066933814201,0.156033719546116,0.499709300465775,0.50472307098339,4.07968609425195e-06
10,4.51893204136756,42.5366820042929,-0.00515651113723462,2.98187700216057,0.554321751756838,0.561206838377728,0.0874490136959892
11,4.72293816893912,51.4599564665227,0.0377317301413841,5.92621972307674,0.651002025749133,0.661880206948698,0.253421061050181
12,4.48506112286373,60.8325852798982,0.20239935187523,7.93235623556767,0.716808192120911,0.709863526998673,0.308296858642211
13,4.42153916851444,38.8267800842563,0.265017731794761,5.31680234309805,0.598143075672428,0.628255188994628,2.20408201620044e-05
14,3.29897044659215,52.4365438682216,-0.0278383695812941,2.33090895436314e-05,0.583211502923147,0.657159624834965,0.00746674191904033
15,5.14814073335509,27.6854278678378,0.191892914691571,0.155424080248573,0.539885065039782,0.540578127656302,5.34363820097532e-06
16,3.74590479299516,40.5534398612459,0.02281381249571,0.543353174814871,0.544150196121619,0.618573443105933,9.32499077445663e-06
17,4.56902420188834,92.2053234872398,-0.0787717769699229,2.68311744352906,0.6811669604065,0.678922701024929,0.0149621827247666
18,4.19326321152332,97.595231271982,0.100240068155497,3.31623881881742,0.710307428384185,0.701598845819006,0.647700099461784
19,4.03593542273093,84.9640029110351,-0.121508987618604,3.25835212317,0.633660523778329,0.661396489580059,0.347509548384733
20,3.78690012918148,68.297225351841,-0.0419924044511016,8.0477317583036e-06,0.625430673224564,0.648946030790575,0.788009309007042
21,4.33133230654412,51.6090386995764,0.0225930486746245,0.729632999107651,0.59796722359394,0.598973830537471,5.52826489705436e-06
22,5.47110427976707,72.8484433944622,0.096517712543844,5.80780435161621,0.844614731611813,0.815708392105876,1.0169562450052
23,4.3877952879486,35.5313599074685,0.00612649403828202,3.68051010584973,0.5287823572948,0.570546723748217,3.47859048047317e-06
24,3.60392835986481,47.5777983803374,0.0245809277749488,5.01949376045719,0.551575601819263,0.628874880428059,3.36095841596932e-07
25,4.50831621615163,33.3009206785415,-0.0827641889396708,2.08823563515056,0.525880938108643,0.522695597153078,4.44454502560228e-06
26,4.54839049195528,34.3595125859103,0.0034633421761029,0.200312424341777,0.50923735469318,0.509637289381585,4.01358268086082e-05
27,4.67464096761653,38.7450010307253,-0.0146506189822108,1.09701200184807,0.552181737373127,0.550543409881792,5.45143175623736e-06
28,4.07071082438919,79.1067553172817,0.224939362574734,8.90127736352883,0.702042836532429,0.70503004949543,0.110812457997746
29,4.83007918266646,44.8581295283257,0.280362226357072,3.22908102388509,0.704581262332026,0.701193844461835,0.50031545571455
30,4.25897378038154,40.0895414557386,0.00582563306592513,0.790578595074118,0.595877258330782,0.601618213028769,0.000243276437174442
31,4.09447228532124,43.6760090373543,0.123753820976833,5.44549133010381,0.587008212014876,0.605200492640102,0.000283728265367633
32,4.88434479812104,44.2575502206688,0.113625118998975,5.96310422438629,0.631819342750536,0.629740704439832,2.08548788914275e-06
33,2.47032161240092,63.7330267002008,0.0849622393540341,0.901637136110572,0.574610256077093,0.748882421200489,0.085237349027131
34,4.46591679106542,62.1730057484296,-0.0934541956934375,1.58144000558105,0.594224649160961,0.592082643096473,1.29652439742195e-05
35,4.5287023800396,58.2829498343432,-0.0273289240754755,3.61657993948702,0.57144971995019,0.573723258445245,6.51482989032482e-05
36,4.37416493190389,74.3492582236943,-0.0169685846080993,5.65304139110905,0.620581382282444,0.632589436998204,7.69293227514539e-06
37,4.32963936484902,55.957374282088,-0.0260213629872159,5.75337949296997,0.538542916331791,0.555535688393191,5.50825547377033e-06
38,4.70047464537891,53.6398939282734,0.0656312252619734,1.51234096645537,0.583890665836765,0.593395550595331,0.327725708666134
39,4.8237084556735,48.0219018892498,0.00841374307467696,7.13747636411044,0.593590606125598,0.599477141415742,1.38188458342202e-05
40,7.40549256692292,57.5536548559474,0.150343896595949,3.7331842998635,0.931483283742391,0.805426917965317,1.1120246965844
41,4.12633042922332,58.2871045371539,0.0836942976399079,4.99313014471583,0.663684279342897,0.682500792334304,0.384872521453447
42,4.55490089368588,25.5055802196379,0.0177242130658144,0.0672334999558815,0.497762274149366,0.491685027902855,6.94334947785638e-08
43,5.01104989218787,27.8926389841321,-0.0578012516251922,3.65966677267611e-05,0.519726169527733,0.519740261598551,3.98924033412676e-07
44,4.97128289627819,37.1835379351358,-0.0903280581788329,3.63666466035343,0.572010824080188,0.57574334889022,9.06735058358734e-07
45,3.44130752294195,91.2243074764628,0.0799981502544973,7.11805199454128,0.632729445702013,0.69073401892252,8.49694061591039e-06
46,2.96865159435378,236.090526351198,0.0379559971432703,20.1771693932473,0.87305301423298,0.940697163012866,1.39459595529117e-05
47,4.13821066151435,47.0730306709443,-0.00153594429318033,4.96928275669998e-06,0.640370252981823,0.645420658636791,0.0980927813062702
48,4.24491173084176,44.6596101283264,0.0922919918665754,3.21688914837477,0.608965097524646,0.61622469535848,0.00896802359382452
49,4.39400233211899,58.5740882271143,0.134179712055701,7.084741994717,0.691743084760745,0.701430824398948,0.347421426523528
50,4.51430071633633,45.5177414312304,0.0740090849397455,1.60603389629141,0.671676068746608,0.69896514660205,0.534767711097822
51,4.42181101517562,45.2969977949394,0.136877942125598,2.58659615447119,0.540174029928048,0.542481330317938,0.00471309006698225
52,5.06110435189596,66.0514220105554,0.0045299856036798,9.16810900899128,0.599277049929022,0.60497206050971,0.000336138394243871
53,4.66493502041068,52.0992724514962,-0.003844080882531,4.05628702847724,0.541982533925222,0.559989501059966,0.250622864299694
54,4.66341490528088,33.7320726314038,-0.0386714279396957,0.00010273691179121,0.482831265165125,0.474180181715949,2.70034272988427e-07
55,4.58669640510304,62.7375441457346,0.0511098647862026,6.3841456545565,0.592985784248542,0.597367576864168,0.264340795242432
56,5.69560414674014,33.674679741073,0.071064847519523,0.978823571848169,0.506913087689016,0.463775506767655,1.56417984570093e-06
57,5.11693380766566,34.6190444494977,-0.0448695468805919,0.950366293198358,0.468088704131063,0.437819040882649,2.06716505643898e-06
58,4.43268807400994,36.0526593266297,0.118141586306298,2.25183644155451,0.551365199916845,0.555092481635013,0.000208735033244968
59,4.73518165869207,50.0885480811187,0.184343687631587,10.3871907101975,0.631800601745794,0.63055589861703,1.65212343087647e-06
60,4.79214374389758,31.7198879135377,-0.0462606287814021,0.00403450622334322,0.516244157133192,0.515079907660749,1.38798842525949e-06
61,5.31459759306052,25.6910981770304,-0.0491188126586423,1.3325869619583e-07,0.505613915047643,0.482496754452187,8.12845476234334e-07
62,4.02383501501618,81.0116414908481,0.0752761223092461,9.17644990231133,0.71690989104168,0.711084768331702,1.98676169854798e-06
63,4.24322443124959,45.3784211419882,0.16616643460772,4.96585081258158,0.622187450841287,0.633755780526948,4.10669612288116e-05
64,4.13426294580425,48.4805866146557,0.119748654363081,4.00869634302261,0.626938352156897,0.631028706533911,1.15279382347583e-05
65,4.39625225466887,42.7125472173844,0.157771177795118,2.47395106269259,0.616287845595002,0.609393995240771,0.00916389397686667
66,2.07402360166566,95.2114425987945,0.101271061009929,3.71475578980313,0.632773304483191,0.826729233377519,0.491581691994051
67,4.51604447066143,38.8077895725928,0.00879960350219049,0.000334736861078133,0.636596476451651,0.642563551132909,0.413725994277811
68,3.80883379016214,39.6866148555536,0.188109995358024,0.000131638526418936,0.495685998680216,0.494018178348396,7.92282746409518e-08
69,4.39546364136973,46.0338174053111,0.207737746086083,1.39508262065961,0.486906624718848,0.4937366382377,0.164294735671622
70,4.68226718418467,48.5918620073424,0.0993995162885235,2.47179180337462,0.519880710140753,0.518663854508941,4.78042823727831e-07
71,4.5597699763066,53.1248094490782,0.0365589562541329,6.41197126279647,0.554883339078944,0.568612669760881,1.24820114927241e-05
72,4.39667774739431,45.2825313227187,0.0490689574481246,0.0969924864581379,0.558366370995291,0.583867783723527,0.328468553381236
73,4.98408330020734,29.0449689295256,-0.0318829417120052,0.000360146082831172,0.488328210609672,0.436121527810131,0.11130976602639
74,4.5620213067178,43.5883231709077,-0.0241219447418281,1.9133874590121,0.503366178977341,0.502641280243984,3.96285056191756e-07
75,3.91818448744578,44.7741333940318,0.169887918241194,1.43444126359304,0.55515844118798,0.554595584181681,3.93453296018046e-06
76,4.32456128036954,56.119951379613,0.156552371975111,4.11848785685398,0.667138119397054,0.672123806523356,0.504745096435511
77,4.36997429347062,45.1142018344522,0.0124028013359443,3.82729089464724,0.552335948644041,0.553216187970944,6.62492795226398e-05
78,4.94798247135709,46.2528181329086,-0.0886551445813907,3.58464993618374,0.652926448860325,0.650934835557238,1.80018642151166e-05
79,3.79534187348902,62.6760183401607,0.0287187834457775,2.1669216331083,0.667781857199067,0.676455363103514,5.771214576904e-07
80,4.78066479346842,35.0553937812414,-0.00630832406980099,7.99349843041247e-05,0.533704208687785,0.520818233167594,6.23035251815888e-08
81,4.57856876573047,50.5758285668521,0.122656852727967,4.18653095572654,0.633242318594198,0.631530710915736,6.35184655308559e-06
82,4.02209580975424,38.4346543608314,0.20401081222192,4.19000945721507e-07,0.564218019675238,0.556084287266878,6.9050370094232e-06
83,4.11834309426887,63.7023974498815,0.0885394249207921,7.49556663818261,0.685228583973782,0.683373501779484,3.48078413325696e-07
84,5.2877935009781,80.5604876834321,0.0448671349517024,3.04691469627329,0.951754354564813,0.908105640691677,1.11185233386082
85,3.52486148585026,52.858441045401,-0.0277905538432805,0.000130861209126795,0.494048711795946,0.470604067941094,2.30336094862504e-06
86,3.95718246442883,55.3884104849798,0.276926825081052,4.68627352458542,0.537130984053939,0.529934875518643,1.97960150229349e-06
87,3.4776386898188,77.9462232348186,0.0539156236155125,6.81795296271418,0.548127897011115,0.551680722540168,0.000454308847379182
88,4.75918289006021,38.2554842242887,0.118724834920117,1.48456814453397,0.514238810928916,0.512227764237721,2.64986852153982e-06
89,10.0567843422471,783.907363757032,0.0613418776310695,28.2946234140918,1.46177765815916,1.20400251177145,0.877598822529282
90,3.74642041120386,76.2893261810375,-0.023844976435567,5.32235640508184,0.655336872821518,0.671836470625071,1.14702200678972e-05
91,5.33040049647489,53.7560628140983,0.0800954038033136,5.06624203440749,0.703496966227207,0.62519274863866,7.2850180420811e-06
92,4.08236635573771,60.3026782730472,0.0685268348956063,2.45272990339774,0.683508183563067,0.684349056714722,8.73662092426058e-06
93,4.0116826203586,49.0973104345391,0.0782708516749452,3.49968941221723,0.585713346526931,0.596663794316094,4.66561249422892e-05
94,3.93550809504154,55.2561391651496,0.01451069485135,4.79995337265102,0.630723921871366,0.653807460408518,2.20563761910312e-06
95,4.79861035142643,54.0617846464938,0.113961927937107,6.8835524393138,0.686790859611334,0.686757891647579,3.83057172757705e-05
96,4.96722290976885,40.0868173417852,-0.0874818840023538,3.01336657167124,0.579762593344644,0.575452440060935,7.66948603633999e-06
97,4.88366101439455,36.5613244770283,-0.034972349482849,0.871546720171052,0.508395851276585,0.503342688423607,1.39244194226631e-07
98,4.00116801726721,43.3872911288151,0.125771147666082,2.04168161102143,0.59707338442568,0.606146818439899,7.00951724682521e-05
99,4.24588561023561,46.1054516985475,0.218976107493071,2.96695045648437,0.628780366898272,0.625073976578248,0.051350594524062
100,3.76491973144349,54.2521244406407,0.120465969557562,3.78038784794456,0.627998996055714,0.632026317840092,0.0221585003320115
101,3.61433455473257,70.4640157332082,0.130420277657622,10.6058667589536,0.672880515306399,0.739732195331466,0.000106734833668717
102,4.29758145885822,31.177223646077,0.0213554794472575,6.28723602149262e-06,0.517144581087097,0.515398771081763,0.0138596355035458
103,3.94436345670777,34.5430597656878,0.0373868591583172,4.99817776537607e-06,0.41500599194832,0.393963333951551,1.90505686661041e-06
104,4.15695238322391,34.7524088541881,-0.060710340363521,0.053685685449568,0.433341543725707,0.352182974108651,1.25186039255672e-07
105,3.79000578150023,77.2355001518115,0.136112069614886,6.43248681445923,0.601923607404524,0.609721555311867,2.38116869792087e-06
106,3.79219698435037,57.893172546957,-0.13188452066419,0.239334958018166,0.490552453815074,0.462982073292576,0.112383306625968
107,4.83606499773892,64.0124336258839,0.0272045930158653,6.50620357741422,0.620860791950992,0.624592018583738,3.47185004668711e-07
108,4.91790255580993,57.3959003829401,-0.094162199651495,4.73975814710652,0.568620632835441,0.566097899766136,2.53989200983038e-05
109,4.63776997675227,45.4811535813783,-0.0210340184247687,0.300692658360389,0.520675743769171,0.525415201381943,0.00358960461042446
110,4.47734991807585,47.168052021521,0.0838034283183428,0.312988623122571,0.535482124811691,0.530824629682091,6.9011559473529e-06
111,3.80360957196265,46.9340359263477,0.123476204121293,2.25254834838815,0.594522987124463,0.606096150288879,9.05068286202558e-07
112,4.29105246729833,73.6348269821358,0.0963045332243145,7.24133992040697,0.770309441613561,0.753890457820052,0.227926592591222
113,3.99691257398118,41.4297830027129,0.0789377657547317,1.09333065964329,0.596473093256197,0.601888567778077,2.08040248269793e-06
114,4.62541939407852,38.4585080484224,-0.106339146295705,2.02019361414414,0.544746671008697,0.547834801483457,0.00924067508890143
115,4.43765000215336,53.5908140772203,-0.103149996657842,6.26742109767378,0.578537817986397,0.598958178398755,7.30488669831603e-06
116,3.87534880793789,52.2785159831724,0.0320953536289874,2.87494060319091,0.613966786241448,0.635136661039808,7.89441296427483e-07
117,4.45712319175962,39.9540441281445,0.221555040639616,2.8247392281352,0.591018882805675,0.59344124330369,5.50767787304689e-06
118,4.06607085988642,74.1891941866703,0.169338526693849,10.2957173889998,0.70347150105706,0.704245065869657,1.01789651072391e-06
119,4.68620004384399,36.4247089778184,0.100673142261131,1.82951201865008,0.607283024770781,0.619817869237814,0.285587340307825
120,4.34024520398517,53.2277726394949,0.102555013988272,7.1935419717822,0.534316740383579,0.52541102737013,3.80407864837797e-06
121,3.44665183732482,65.7372396417847,0.0753014348326213,0.0650082805083352,0.497140050880954,0.495531463390804,5.24413860693204e-07
122,3.98271276226724,95.1948881712491,0.0490858611802226,0.091222655029689,0.579284512557542,0.590687452339329,9.39436665854804e-06
123,3.71312113936002,104.347104973274,0.0207439168514796,6.82467569553156,0.609741399718653,0.607529343401441,1.79321025679743e-05
124,4.9389284532469,58.1084356427711,-0.0344433656201998,3.21680747961153,0.588767914060399,0.591697299814386,1.42862777767109e-06
125,4.58704988238986,67.9369573569297,0.0974287849855338,6.25222580574985,0.646024240110529,0.630230357452801,3.73079222213168e-08
126,5.14902956466492,46.1533448792255,0.1101666138175,4.31201636036931,0.624082927496464,0.623467750920374,2.04549631041237e-06
127,4.06141626584575,35.2499445766564,0.0623351271708143,8.83802219707443e-07,0.451673246122582,0.444894051200644,4.76931035961858e-06
128,4.33963824894647,43.2931315538591,0.259112043315333,0.382879331384889,0.598234227658703,0.599321922101811,0.00907362894114553
129,4.37784911599786,43.7097280481809,0.0465856322028567,0.734597369292849,0.593381347581561,0.596827429666325,1.0838072934039e-06
130,3.93548224669834,58.4073074582966,0.174087221958805,5.73975760390501,0.664154593702025,0.669735518479556,7.64403101470066e-05
131,4.40944346446169,39.2739088939074,0.122599639290026,7.48614682510575e-06,0.605478356207383,0.606893831818367,2.31885795590136e-06
132,4.43733808251494,46.6612870866387,-0.0513384527256213,3.95745852691155,0.580439459846345,0.598099142514531,3.31025914812113e-05
133,2.91085550579405,98.7565144820805,0.124884317890508,6.98273611599633,0.675052801751134,0.753578220967486,0.00354618726944993
134,3.85667940194349,72.9966958531992,0.101803017996583,8.98653238891285,0.686085593816138,0.693214892471254,0.000107461941084761
135,3.79908577541414,53.2428189827044,0.0495211486475201,4.41188896430558,0.640939790999611,0.649470716276719,7.93685395663196e-07
136,2.89927256816313,70.0500178059847,0.168706772451534,5.46703669364057,0.632908637719802,0.754784856359335,3.95090617357477e-06
137,3.98232512544032,40.9691548906326,0.00554335480403961,2.43946429363607,0.568973363587227,0.621427223337111,0.0553490861903779
138,6.91998268222355,17.2957915153382,0.0270251809889654,0.77670669011809,0.51880817466338,0.464221452082129,0.000775359883463048
139,3.68527008474289,41.4620982903274,-0.0810188923854082,4.66041575979671e-06,0.46287990887217,0.449011265630939,0.000616189081427706
140,4.15403547370597,47.863423775228,0.0717950079152234,0.0361549572030926,0.482873871368277,0.477569653082681,3.24062235262189e-06
141,3.7880883772409,82.5524335471585,0.0622491948548811,0.92947540885312,0.538005939616004,0.533037224779807,4.37126808237311e-05
142,3.53446319001211,109.204147974801,-0.0795226800109711,3.84940882352789,0.610923092466083,0.616341224285483,1.55244194462965e-05
143,5.16605617131284,99.0773663296841,-0.0462997072696957,13.1821544330294,0.675144306016118,0.658912583034114,9.51261955100815e-05
144,3.94996528445577,125.605197434555,-0.0192270296854674,9.99418570566822,0.748758965783088,0.776778347612128,3.16620384390579e-07
145,4.92839349050447,36.8355178111066,-0.0397411409350358,0.461192015082792,0.567513746383852,0.556858622461361,1.36541442680073e-06
146,4.1700531869675,74.0685749933593,0.0343064082712352,6.18094411745514,0.698648405924851,0.695541796878024,2.83710923455608e-06
147,2.11941740560536,70.5549486854775,0.0730548660758708,0.0184730820830855,0.54435202315243,0.711786814309981,4.99074496675321e-07
148,4.14238931413862,47.2238619897444,0.111024348114774,4.49656889879557,0.557029428266971,0.564071725038158,4.37636055674133e-07
149,4.49887721382783,43.750013076887,0.111385313317915,2.46872867215143,0.611297643354374,0.61374556817163,1.30742247643147e-05
150,4.50109749633678,55.4739937937419,0.0329431344434533,1.78083850680098,0.66431431972506,0.670416230702134,0.315718203200005
151,2.32283718512803,113.559085765522,0.218956918807412,1.67089235448053,0.746116858201394,0.930096221594602,0.612128287674937
152,3.84060726777567,56.7979328452947,0.0886474653650323,3.99835916149846,0.649394801121318,0.664249222540122,0.277572909284817
153,3.7015713128712,78.0902228342454,0.138729952083245,8.96794534012083,0.684108075391623,0.694840340511917,1.09434592816066e-06
154,3.7627682990121,69.7547982341833,0.0552209733219142,5.41886486467057,0.697716741565394,0.70083933785728,7.45985822948782e-07
155,2.29035968165165,88.4457679374426,0.109061012281515,4.85916112042722,0.627328104920907,0.768937174695453,2.05543855391991e-06
156,6.55788687260021,65.9052618143567,0.029921788271907,2.90149941061038,0.95310855086912,0.821296839788409,1.15592816740185
157,4.25475345580096,30.4778449058588,-0.0660655419128216,0.0202730307124596,0.500481626373723,0.488950791152995,0.00951882668061463
158,3.5701062806293,57.3036327251174,0.0705851558227797,5.27612329952382,0.601970080476291,0.645498313759029,4.12595834921924e-05
159,6.68924291005862,13.3667917182138,-0.0160846042459349,0.333736476561769,0.434649981382855,0.360071640643007,1.35827666480379e-08
160,4.4530386160704,35.7340312237172,0.0682773045087465,5.72142054218519e-06,0.464977319151386,0.438562770279186,5.4638944283565e-05
161,3.85813730820256,33.8706066298761,0.155205501821395,1.64902317999078e-05,0.408088412872445,0.402011879504346,8.46847865553275e-06
162,3.88568461168097,60.5516991710077,0.166867856546611,7.15738319209225,0.526039508946204,0.519294730173644,0.0057089738815811
163,4.02592018855359,54.4328088590165,-0.0271183236430061,3.28810637260354e-07,0.519562940525151,0.501528016693815,4.08872153460356e-06
164,4.53188147916827,96.4945889119014,0.014771196158234,8.12561834212292,0.651675719970874,0.653507413317901,0.00578240320846287
165,4.2423726730338,118.847555972999,-0.0522289700220331,8.12419126716878,0.690168602313245,0.681841717236799,1.65552930040336e-07
166,4.03187859067047,56.6894223867495,-0.00263763230630438,2.72073431096415,0.621735058899544,0.653541317685256,0.0768851883346687
167,4.37808520100456,86.9847325595826,0.00553095878746896,10.3231821827832,0.69586130518672,0.708099533050444,0.000398428725134295
168,4.63988741754959,35.3044066264706,-0.00910560688908718,0.000153290277921468,0.519266541511435,0.511460333993252,1.33262812273226e-08
169,3.79935379554895,58.6086621347039,-0.0103387854811895,2.95164423431787,0.634490868062594,0.643870312442086,4.83956543806296e-06
170,4.06139844170215,52.9006910180008,-0.0180904689317676,3.70059219735032,0.599579271115481,0.603312733389416,1.28161703564308e-05
171,4.05477060645477,37.4216628475299,0.039761490466364,1.06854401305976,0.564465216715409,0.550352297031994,4.01384036089901e-09
172,3.46991695724706,96.4430742700288,0.0970293634075708,7.45788668908093,0.741229542424729,0.770001040497707,1.47300296159124e-06
173,1.91338248762224,103.480589510332,0.129040416874174,2.36397722623904,0.611208528899352,0.813627676796282,9.14050462475694e-06
174,3.43006843910075,72.3294608795104,0.145790346577837,4.43732456741724,0.667750641434183,0.697109744227538,0.00963021046060441
175,3.90347291890729,55.9413639692622,0.0993677498117255,3.96550289129129,0.652269509581008,0.646620405689421,0.0106950825927754
176,4.34170364139092,58.0082168645938,0.16093030340651,9.06064608374023,0.669145333186335,0.667352401454207,6.62796081487655e-05
177,3.93846431595639,52.2368029736111,0.108716124144088,4.32769120857926,0.642998127584139,0.652133616702036,0.343513599008695
178,3.62244798644551,40.7162325514807,0.00505180454527027,0.007015708467501,0.535162695466328,0.550265405908682,0.0288349036402628
179,3.71409077764213,39.1871646794823,0.121747634737249,0.592471761174614,0.537371199307025,0.596541997255851,1.4079796983458e-05
180,3.44276856201169,47.2093320165899,0.0193954917053314,5.51454657354931,0.587941488215796,0.706417914796549,0.000250772855494017
181,4.0406724611959,85.0648594853287,0.0901574694599639,7.85610690288649,0.650016136344576,0.646456567353277,1.30518408701667e-06
182,6.71029589980523,41.1125428714534,0.0446564094086094,13.9548919866604,0.58678507965239,0.47084914567873,0.123259897958341
183,3.46148019822637,39.4973828010741,0.172477492694532,0.498046346799996,0.43150705020619,0.425174360828262,0.000103708892805323
184,3.84565600003816,34.4657526976706,-0.0256423218125169,8.29789983227147e-05,0.470887972436692,0.45647218714319,0.00729997282585967
185,4.34446876232032,86.6373531286478,0.10189992070255,9.72535513325363,0.622829875013225,0.64863473229257,0.00629852995860221
186,4.58941617462251,92.6518455921479,0.0248955552953707,9.53625761693124,0.606175370817928,0.617697022277778,2.01439423541715e-06
187,4.59557616269957,65.9896456973064,0.0514865642185498,3.97061560861517,0.64656066934235,0.649970993623457,1.53567452016631e-06
188,4.74200407510386,33.6973703874567,0.0248989905287429,5.87019161176063e-06,0.542872561405035,0.542311842351952,3.93133831051384e-06
189,4.78583334997193,40.8702597814709,0.0431157271129475,2.3593724850749,0.580078521244364,0.582991012669833,3.53692337384359e-08
190,4.33895721589244,55.9432239638803,0.0859596162667201,4.50171459429857,0.669735212057836,0.670680222568671,3.02062703612226e-06
191,4.57729518810984,46.3624378937386,-0.00178551068864456,4.43551993232342,0.645057499562927,0.648671013419348,1.31396215706113e-05
192,4.45508269519573,50.6795028116951,0.103089489671118,4.73324535307976,0.637232544688405,0.635177054223321,0.18729185686898
193,3.84900936386838,93.3930617587069,0.146484416496976,6.43876466474154,0.781409429471155,0.77524560566508,0.228861530636483
194,2.94125215729636,117.652273908926,0.131847716472405,11.8452486820866,0.721291690874119,0.786015011322623,1.67769972046285e-05
195,3.78979874876622,62.8038768398852,0.2525567707967,2.97038691057735,0.669228980309075,0.668398936386561,0.014497944558656
196,3.9928772459974,43.2037173959872,0.178609953219361,0.477173775122189,0.606082533267292,0.602917640965541,3.57042347358227e-06
197,4.0372761620363,52.2698294900762,0.0690574592205461,4.67182839075863,0.632311739671539,0.63593582583814,0.00729873700674517
198,3.84125804728603,42.8781998036578,0.0289374251311171,0.319181027858594,0.573439496865763,0.577949994994385,7.62186675207287e-05
199,3.24363276458085,57.7728564702142,0.124079612485868,5.34133478770106,0.588590426591241,0.62405289904748,4.31655504659229e-06
200,4.94696009099031,79.2841128826854,0.0635858152832788,1.89307581078559,1.01182434231032,1.00558469705596,1.21815318435132
201,3.0011652438637,77.6156854873751,-0.0447252389694669,8.20241838800602,0.596158409453282,0.68106306846584,3.07005869128125e-07
202,6.52642377245634,41.7432601847546,-0.0541760613121387,11.2290911310979,0.565837215149393,0.429657966397719,0.031341915600845
203,3.55121454195709,67.4992747857576,0.0560809375168896,1.30679071790816,0.527630253613666,0.525397434085584,1.02904915688579e-05
204,3.98109002928136,39.3749249332917,0.144293149864862,0.960485792128756,0.519586727863832,0.517617230321288,3.50804358378909e-06
205,4.41485986827863,47.8704777256257,0.139953333499651,5.15282693483454e-07,0.572329346725202,0.568821538144143,0.000111429182594279
206,4.56778585394273,66.5298415458634,0.138862709793749,1.88287108707418,0.578723139153417,0.575655296665357,6.37249821519541e-05
207,4.47092382786591,64.9585925429835,-0.0099132329305024,3.12493498878978,0.616786317393589,0.613929266706185,3.58614229376246e-06
208,4.24019557894315,41.1443834613273,-0.0132585635440263,0.000126067359096111,0.568975140465198,0.567386526851861,7.2742423653202e-07
209,3.482982004431,61.2480414959854,0.0417861389736086,4.8196993938913,0.629374450864171,0.686150048429989,2.1134511379996e-06
210,4.38765518224158,71.2860541904868,0.105710881948844,7.06370299249657,0.713977354472258,0.719334770169024,2.95700925364401e-05
211,4.65956119946969,42.9368662814916,-0.082416559080452,3.16477003529209,0.629052227429893,0.624585650699485,2.30370029278364e-06
212,4.24533554633605,50.1145917375786,0.122277740145315,4.0391407863678,0.625789152725875,0.628402336499066,0.128050302581076
213,2.25893288304045,78.9237321009786,0.136617108343081,1.94210864884462e-05,0.640155485107075,0.765430614903343,0.269484495336665
214,4.14848235783746,47.7536283032996,0.0808917259918149,4.1247215644006,0.582292749687622,0.586865800828035,0.119186165499182
215,3.16978239271022,95.372745896508,0.181240365220995,9.1693893596618,0.702500672919414,0.692588740605503,1.05574516684804e-06
216,3.67376622893618,57.856991497677,0.168424021808119,5.00868183321189,0.643800546267717,0.643376132017468,2.73218040384795e-05
217,3.64125844234276,41.6540786131384,0.0121916533083368,0.138013687832239,0.586410855536419,0.585305871130524,1.4743219401881e-06
218,3.74536421103389,40.1326005472216,0.0252740411709458,5.56466879450319e-06,0.563673129245651,0.563351266212003,0.000716457726822909
219,3.42110669209774,77.4212303083999,0.278430140265316,7.52212975391479,0.734205077802587,0.746631057522817,0.770076360024255
220,3.92890344397532,51.636522098865,0.0433074508503532,8.19371336976098,0.690538625795136,0.723603056578957,0.15785628864336
221,4.15001622873278,47.5590285871408,0.029950271541538,1.77318768186793,0.572821553173825,0.573026720996663,2.89451592948049e-07
222,3.63576399039472,88.5931074571486,0.0338488939364505,7.29961509253871,0.569099652553027,0.562730776615231,0.000797178236494467
223,3.35900562980504,248.148911938887,0.0236712512544227,19.1020307869958,0.765703370594893,0.775059778767463,0.137760576740079
224,3.26142857633617,66.4065397734748,0.127168609463775,0.00617331023228876,0.542285372980541,0.542788750692822,2.48052228546725e-07
225,4.12311356048669,52.4149537661018,0.105602955787877,2.37075791562683,0.574342627327225,0.576053996549734,2.1693045050811e-06
226,4.28881765084583,56.3990542634991,0.207769978493175,0.0122003160021328,0.534285266194026,0.536271427812881,4.01875121663669e-06
227,3.95980204729579,55.6754114809123,0.0786854170999347,0.580056545022399,0.558861465255266,0.559155326534689,2.60291764404887e-07
228,3.72534981350935,31.5324084915621,-0.0346928419680533,2.22351279665802,0.449636996014268,0.434604816040983,6.9659940301653e-07
229,6.09468601702991,31.5889403395523,0.134078025589022,0.00418143480844846,0.615525885885116,0.54596076064051,0.0635473739415868
230,2.21891974800211,107.293057494279,0.139531841001322,3.95588030851949,0.646775759020918,0.827659320644645,1.88354269690031e-06
231,4.91679293426473,51.3639357248225,-0.11798453754064,4.89083614936723,0.655477246042286,0.669459701653127,3.78455642310412e-07
232,4.02732046730901,65.3106144267757,0.11991342907375,5.1580353809826,0.658296373061008,0.68472233641201,5.71138091770923e-06
233,3.25786711337482,72.9617329193112,0.00506638384414353,2.56512576257085,0.688749820937753,0.6920609264382,2.3840063942946e-05
234,3.25501962578132,81.7268034369512,0.166959009666697,4.45285628183381,0.710616916055366,0.714432770078573,1.6753756377895e-05
235,3.06523035239097,95.4501583536272,0.0459237683166738,6.17493728416398,0.732543945985666,0.738460256744099,0.00167944010709452
236,3.16762325244946,80.5292086391972,0.106781415839825,3.692642272429,0.703126983605268,0.730346377528915,0.000917376065175026
237,3.53359543799159,51.2863382232088,0.0285629290696204,1.41243304936592,0.631859290617564,0.634673933182119,4.4891425808343e-05
238,3.7867122523323,56.474189068018,0.12835138403833,3.33562927531213,0.656103817607486,0.663028178337987,3.88085868224957e-05
239,3.82052754955846,64.9466957764911,0.0330738790710487,10.2333766629882,0.604022359780192,0.614396417696712,1.10581662786963e-05
240,5.90768849753101,33.9641226526846,-0.17205453862474,2.74696002571389,0.507626586988729,0.396244486676108,0.0497106615246711
241,3.42653658879006,88.30256253048,-0.0012186632837627,4.53287292947041e-06,0.544619272035997,0.539453602420401,5.20419754555889e-07
242,3.85344708094827,63.0741290718177,0.140802407625833,3.86114591978194,0.580543470847222,0.583951626815503,0.0104142367646969
243,4.62392299906338,52.4304995964293,0.0803808162716449,3.71582415497586,0.578206879011337,0.573774881974537,2.95476900406337e-06
244,4.20913878007505,75.0765458376276,0.140888452253983,6.03038837727165,0.573954691682871,0.568723339819514,5.31308024084601e-06
245,4.27943945141676,50.5448059038992,0.126354637200112,2.12226001869616,0.545721000436193,0.544609826211535,4.90458130670036e-06
246,7.6074354077422,38.4564628347828,0.0766970297059274,6.14773739894533,0.671364960545427,0.513023835549687,0.108619082104879
247,4.32168878050482,32.9811904798958,0.0289078195746067,0.000170717692022748,0.52456052551019,0.514942474012834,3.37758798368127e-07
248,5.05558774880918,41.4792611558479,0.118767361915921,3.96716285937811,0.59969785689554,0.597543237859695,3.74735950750816e-07
249,4.81233039287953,55.6385259054191,-0.087326878807967,5.99704173349935,0.648435154963972,0.645357032976698,0.054938206252008
250,3.87137900196706,62.2909109959883,-0.0557249115032212,1.97274689946378,0.651000415577033,0.653792567299589,1.98813673314746e-06
251,3.64245500269734,72.4146203676302,-0.0167512796384681,2.68241105822929,0.68942335439509,0.692728946026118,0.000439359777263601
252,2.89464546758665,80.006532872249,0.0919773239160397,1.38324961714548,0.697021212789793,0.702709245719639,2.1025615704884e-05
253,2.95401476367551,95.5522512187771,0.0139095426310736,4.05030171059636,0.765441761013252,0.775925252551973,0.31339276717124
254,3.33848525720478,91.9935862204359,-0.13130472559288,4.03651328294152,0.742079101180937,0.740380720875205,4.95639847406657e-06
255,3.69644491665756,69.9685059392596,0.175465057459511,5.73991091410812,0.706895115225882,0.71111790772234,1.81915231784228e-05
256,3.78380247584104,86.4467128040277,0.248808243758407,9.88882453977028,0.749189804548904,0.767450168331466,4.81546942453326e-06
257,3.15711636011701,81.6369278893005,-0.0669327029435335,9.75141454249627,0.727019383679851,0.768028559107993,1.04485580167304e-06
258,3.77142395284222,42.1895959820225,-0.03436644456344,5.0520832915753,0.662010534135645,0.677130916377105,0.207292364882346
259,3.74524952864401,77.5023631770251,0.132559868621821,9.1790226543648,0.65861548977923,0.659307093237504,1.11004407558419e-05
260,3.77948933336095,52.2267159002895,-0.123143473723094,2.94247807241848e-05,0.524160451691653,0.524100006271361,3.39266574658288e-05
261,3.46321512894773,58.7999953566327,0.0292515650108577,3.29218272338202,0.487639700829944,0.49377841441,5.97970058340491e-06
262,2.98702102611338,243.591691665974,0.148297234212927,23.2463753819902,0.796391524475481,0.861676428167727,0.604095404525448
263,4.38346454712772,42.6337911023228,0.0762227508685051,3.50706449779761,0.497812116900233,0.501077989169677,5.87834249108921e-06
264,4.18148846584989,66.768935114246,0.167059441725065,6.30833616364443,0.555246172170084,0.554889525045824,6.31828705099922e-07
265,4.27090493777029,45.8760564279614,0.217102309635815,0.566334597170903,0.527892828094248,0.523701234026688,9.16830303004868e-07
266,3.821147210757,83.5324003426291,0.16521157302058,8.66001850288944,0.681636660332041,0.696405241731292,1.28623877070651e-05
267,4.11514129536453,34.5335974768112,0.135857415460547,1.97114901991442e-06,0.557330603977422,0.556649984366318,0.0608856182373109
268,4.88214099053882,52.172981123349,0.157749556211809,5.32999601409172,0.671850224134646,0.657618895381164,8.42097949906354e-07
269,3.94687537437371,46.7631538123046,0.0381208551711725,0.0202531967363017,0.593583038305708,0.594184637861152,3.74158778878155e-06
270,3.49367058084924,104.334634289417,0.0720396488221639,8.96245764863545,0.732221296097886,0.738176744532107,0.0142794810413805
271,3.1894846925312,81.7993114441074,-0.0474833927207164,2.73540600489716,0.686612728076246,0.689915393188644,9.7074704103876e-06
272,2.8457426558365,80.2936773811511,0.0153346665281304,1.17206329179865,0.684102345987678,0.685545058471108,0.00211690301996838
273,3.0217983557903,58.8462999000317,-0.00750866278469041,3.69560840891096e-06,0.632327602824094,0.635361977782968,0.0015928289461282
274,3.11696055671187,63.0064483351912,0.0406509372524207,1.72944051809285,0.65933129000833,0.661344475069869,1.30970764958362e-05
275,2.91461401890956,70.6505588478492,0.190860434446586,4.82538255672539,0.664228840034394,0.70398172152128,3.29585138754006e-06
276,2.82786381121821,87.1531064935425,0.170949842931521,5.63454342222965,0.703796647939934,0.830435035759889,6.76818553966103e-07
277,4.01332041497885,69.3068121508808,0.142188956112113,6.24450140923148,0.723331265668738,0.719418854088888,1.45835390234304e-05
278,3.4603223282075,55.0500600991664,2.45879821686731e-05,9.87524544387242,0.668659734282309,0.694393440153369,8.26676066111058e-06
279,4.2376299218056,39.8712938542068,-0.13165919154524,2.28963967634074,0.519069855233133,0.517475923434643,2.7164453956697e-07
280,3.65708523535738,45.5655037182675,0.0322514119631765,0.927500052708924,0.455384293726701,0.451794549331939,2.19495746200418e-06
281,3.49170205873029,69.2866125535238,0.196386231938719,4.04609577514679,0.534089273626143,0.53476706579005,4.29720079057198e-06
282,4.32028296861796,53.9150372509942,0.0575953647420395,2.68482938692616,0.533460764073809,0.533740101609762,0.0129534586107812
283,3.87788916269601,46.9915428407805,-0.013816962601913,0.000973855956853302,0.438923801180977,0.423503367348478,1.75889386758821e-06
284,4.01795256783938,54.7162967948877,0.245825186095408,0.188013097268957,0.559929289633217,0.531231843239105,0.00103296086750889
285,4.05511438415845,52.604745960893,0.187268450309664,3.3341151696218,0.603886154113416,0.60609107485663,7.1839471963544e-05
286,4.2662077228715,39.4831699498079,0.215724324356674,0.640177719395333,0.575708660536973,0.581468685006657,5.28456398423836e-07
287,4.11308073197425,51.7273222702349,0.124842220313224,4.50171694124192,0.634670689821818,0.633384998490868,1.00596844363539e-05
288,4.62453024123025,43.5311067428122,0.0586764388746151,4.32959043166508,0.627874837928862,0.575670764465331,3.24097327868061e-07
289,3.42275038707853,125.557467877231,0.278662745570185,11.5402088944814,0.746276642897813,0.745219844484026,0.0878191123698801
290,3.12729007160708,92.1206259612154,0.205517163104969,5.32597117834856,0.69683890824911,0.700361991607158,1.68476920427757e-06
291,3.1720508045515,65.5501428739074,0.259863552294325,2.84439218594513,0.651113615271499,0.654077591075305,9.51844160121726e-05
292,2.76559150929935,79.3009555777543,0.103919514093443,2.42371895369937,0.67985319727087,0.686872865377266,3.23222022702665e-05
293,3.26271858492173,62.134172781601,0.173000133196102,4.19039148006565e-06,0.71058105718934,0.713260094677668,0.371728974344144
294,3.08761102596646,111.218920617023,0.058564086239658,7.13182717715975,0.805384388737344,0.848220189241875,0.369492346178992
295,4.32149640789657,69.4493606127777,0.123111169684295,7.0741107718683,0.760268258902407,0.757492065483678,0.0965028837353634
296,4.11162598189844,46.884109023158,0.203190523294829,1.94745944336125,0.651847874551524,0.652221756458811,1.72657893912016e-06
297,2.87664683826909,91.3693576568261,-0.203152743636614,0.00248707524837491,0.493228714061248,0.491800945598476,2.46809050196145e-05
298,3.46273308247175,105.469178588712,0.141554446079685,2.21759475394122,0.601233525061763,0.585858953353321,3.03724210500216e-05
299,3.94969524821264,69.3597897061398,0.084797932515653,1.85423938312057,0.587949364613677,0.606627395175199,0.013884341751584
300,3.86992118734389,52.0760182165451,0.0330462273881519,1.27760675897462e-06,0.494812946291056,0.500935067190943,0.261254580076947
301,3.65011365267891,77.3963169365286,0.205167030165013,7.26667890468879,0.594067404872087,0.593499420177243,2.99035828805186e-05
302,3.92787290978837,79.8910627623627,0.118083386150214,8.30891445693039,0.667464911082046,0.668535879553813,1.87351963985962e-05
303,4.25818343281223,79.2877726682202,0.098370436949766,8.67363424957744,0.664036234914802,0.662289193460019,1.24486028679093e-06
304,3.49521442763268,79.5589590706113,0.183831974320119,9.7027799831752,0.711942595747891,0.709314802539812,6.8730794571494e-06
305,3.3564545924082,54.8077452177424,0.133984612010196,5.17291438409396,0.632302080379795,0.6294632361662,3.15428698749242e-07
306,3.4438930631351,66.8045163778809,0.31279932810842,3.38211613883507,0.615559303153212,0.610327233355377,1.99978171455233e-05
307,3.25312472300008,72.6044774952574,0.231454991740609,2.10393936735966,0.652707409004517,0.648527702689066,7.92298690290978e-06
308,3.02938003693455,89.6969670050889,0.274365853299915,6.60926581396001,0.704439577360596,0.696466215749884,3.12483997940529e-05
309,2.73959315250504,75.1990736077485,0.225873551391923,2.60621859311133,0.670097128072079,0.673935432622598,9.20639238854214e-06
310,3.27393887834591,78.3010272716887,0.227257241259711,5.59796629736502,0.705513317497856,0.700874898015932,0.000568622735788825
311,3.46051646462136,90.9022443511389,0.0799185520807076,7.71973505600349,0.743789721894119,0.745014122445338,1.18339628240727e-05
312,3.35317137261805,81.7748166634971,0.129707875537031,6.8969455721826,0.72821351160062,0.760750956890082,1.25200084187303e-05
313,3.64710142350308,39.8609912464661,0.171058966514555,0.0313833764976277,0.593059391300998,0.588702380613416,2.13551434018802e-06
314,4.77815917383736,45.2987505559949,-0.0501667407123463,7.52636579585478e-07,0.55792411032819,0.550701067159751,0.0307027239495514
315,2.48914191912112,175.297048773803,-0.330470581770069,7.72041429963819e-07,0.513133205736242,0.511064192500061,1.93551508567916e-05
316,4.68586261065635,52.3427720328154,-0.0218336418359844,0.00893720593431995,0.490866726018398,0.464997166983886,3.79501563645369e-08
317,6.18942209649488,47.8804357350507,-0.0240487909439854,2.17128319967729,0.613448345839865,0.539377208088365,7.88054825094802e-07
318,3.86694669902987,45.7261669784099,-0.00205361101968454,0.0220666230053427,0.460619363654763,0.456701355543413,1.14291833784683e-06
319,3.62833232683155,46.6033639896936,0.0951155253863882,1.26632121067404e-06,0.501325113489995,0.499913314784656,1.80780132581077e-06
320,5.33864688728788,62.9682848882722,-0.00219224604053223,10.2104956520924,0.653028570390578,0.649687420266582,1.15416272154642e-05
321,3.82609095449769,50.3752460248129,0.184023401445094,2.14147522002438,0.569621317479441,0.569763294340705,3.62200919940953e-06
322,3.33213649307416,60.336209441885,0.236649450804241,3.96039238438737,0.646522524965483,0.642095780197478,3.55090499353176e-05
323,3.14717068971735,61.1634208598115,0.187175518667991,3.36211606424608,0.652517955281512,0.667589352042195,2.60628384999797e-06
324,3.08736152087265,57.1626126746423,0.215289462406685,0.620685208965424,0.609174133057283,0.606574436123206,0.0107398962808752
325,3.2628525058656,143.30550507499,0.319810087324119,6.99321240269421,0.856792718901207,0.84506159820738,0.962118203923489
326,3.02816791271839,93.1831340180953,0.24016065463366,7.70700157638705,0.707929314475173,0.71115991244963,3.65583965748637e-05
327,2.90801716192635,69.2101297271876,0.223913606288078,2.17501757222605,0.657783321674572,0.658416184366016,1.39772896430775e-05
328,3.22421997385805,56.4582077826421,0.3593270006054,2.82122796081398,0.638195784519138,0.636972916098352,1.3911060347199e-06
329,3.06105511500598,74.1132940984011,0.231220056964199,3.61294349143974,0.706505541629401,0.699532641546186,0.238198787607058
330,3.12951355129961,96.4207506681661,0.131612310827747,9.25292783622402,0.744733246630898,0.741222681209031,5.28551421434132e-05
331,3.31903375115688,82.7486879848048,0.162529957748139,2.80503447731878,0.779687081378501,0.798005765154297,0.600609069635088
332,4.20362358772712,81.5595758572067,-0.0119038010625962,5.62822130146383,0.600427320919351,0.619332098825371,4.25183076406373e-06
333,3.65310549668572,105.671603340916,-0.0364434651662835,0.00472864301531041,0.571640682636899,0.569869798657676,2.72272442388152e-07
334,9.16380625797465,86.4337741654202,-0.198408439493971,9.05300654178497,0.681393741169138,0.456494829946474,0.11579259099468
335,4.94059962405186,69.4740392583151,0.0141472705617748,0.00121035352667584,0.608238431990357,0.585907188345658,6.76416280011619e-08
336,4.57637943448034,80.881631884143,-0.0453255820918763,4.49720267122772,0.669754329844976,0.664208810495111,1.77272153260353e-05
337,3.91510762229593,57.573466818104,0.0959643434628644,5.57893560123528,0.547977750965962,0.565148712340989,0.00402289271126381
338,3.66000311779598,63.1089124510272,0.107170797014488,3.25093696003131,0.591726969438498,0.592440188589024,2.12013632194198e-06
339,4.25206936985114,42.4772515051007,0.136412010124604,2.85437281343861,0.553617694126963,0.556759743275428,1.52633182883842e-06
340,3.43791611368074,48.7114393844041,0.185407253687728,3.5762115253773e-05,0.588148711202331,0.585582424943237,3.85771719351315e-06
341,3.31363659185573,98.8340573687551,0.253815091265097,13.6726193831262,0.747033490264451,0.748712290273436,9.30639783464305e-07
342,3.48320476481676,68.5783322809267,0.208713867594856,8.3536229686597,0.683332262815611,0.685195173655867,3.69833529593479e-05
343,3.2131843221711,46.9605778620471,0.171815792441682,0.0915410611910749,0.587987842135921,0.58835559995555,5.31162569714927e-05
344,3.45393456097519,65.6856931232385,0.319211088954913,0.00225646325796774,0.684236158697084,0.679577087221896,0.730531888695396
345,2.87938149851006,88.3985300816817,0.233006971847296,2.71309582763991,0.689964984465147,0.692871815554426,6.90734686370758e-06
346,3.01340924886024,80.2928470075905,0.211160078913891,6.53426245835988,0.691354483134559,0.692507632293182,1.22937609265295e-05
347,2.47944243944995,82.9395746170065,0.215511858593697,0.578912177284162,0.663077747764905,0.662434247517904,0.000281556160037738
348,2.88350251325776,85.7910672475837,0.302014638094096,1.60872248419618,0.73740902917783,0.737090430744468,0.355832464859217
349,2.8081609483444,76.9615643847241,0.216010955113569,3.59976786566516,0.686646999268685,0.709814154498257,0.0829437638802191
350,4.57009997584536,46.8467388850431,0.0850533785753574,0.000787798998933228,0.478583946380833,0.474319426780016,3.51098482106478e-08
351,3.61741898918094,110.904246541715,-0.0146450017942792,3.5586762843168e-05,0.584737345379998,0.597068878190724,0.0861843340878166
352,4.74823132144796,107.265782701253,0.0654842580596632,3.37255555793322,0.660588476966296,0.66327256547688,0.0196631329806184
353,3.81451234650065,113.019205396272,-0.0532175062068306,1.52094401162566,0.674843534576695,0.698926397398336,6.97939388632683e-07
354,4.50476878629848,92.7984334674298,-0.0392256191598899,5.89346528113516,0.71038703320998,0.706454784876065,1.17628176300634e-06
355,3.95306994302927,46.0050183070516,0.0513755828365476,0.0699054291005508,0.507459754372552,0.507855282383552,0.0531971859354454
356,3.42351011514302,69.1294308257004,0.0875157933390966,4.11446658472914,0.592052434918113,0.590243175990572,8.09084879499096e-06
357,4.17682782644792,59.2889663146697,0.206362343949942,4.26700700235962,0.629617039043395,0.62745434932468,4.80490525049163e-06
358,3.32266387359537,62.9177556073446,0.0612836903403427,4.01018078769815e-06,0.636867728175736,0.634701583913377,1.93000078920253e-06
359,3.31215854922525,101.821992511968,0.206882676053442,10.9262591701815,0.748370534401938,0.745940516121352,0.133462539145293
360,3.48533383144791,57.7178383226519,0.261623347478919,1.74950376836384,0.648157422406331,0.649564763521544,9.19175441308051e-05
361,3.34109041012105,61.7564359435525,0.21723585942734,2.53792869741289,0.635538436446696,0.633489480484196,0.00225138381278606
362,3.28339256808234,63.1901743843905,0.247001180793458,1.41039642430903,0.610207754273245,0.604173758487484,0.0231183058026597
363,3.00553422649193,75.4579267493215,0.215282354159614,1.55512393874953,0.655647451762357,0.652770481107073,7.44541892519591e-07
364,2.86672056809102,90.7205037364352,0.169586420925059,5.75823901916181,0.694106299992388,0.69116456051659,7.14012758946052e-06
365,2.90901451453782,82.1747597117147,0.208919855236877,3.7214142090497,0.698127051589344,0.695379254581011,1.0561427046164e-05
366,3.03218061438814,56.4570125858651,0.321967175639153,9.8539181532417e-05,0.647278612803584,0.642791387575201,2.82877956585465e-06
367,3.60053073934897,41.7982481748631,0.231601207775667,1.09470359017331e-05,0.61307901785168,0.6096522746306,1.1720255871877e-05
368,4.85910207224758,62.1410184370005,-0.159156453647887,3.82093251189802,0.546162457259497,0.549700498171597,3.77550617198485e-06
369,12.9679029885494,44.8218469540598,-0.0854456504288912,7.60029607925512,0.704978505516203,0.451631506368808,0.00395284913743608
370,4.38767410711518,84.5828417737406,0.0485876158272615,3.58900946659438e-05,0.632145174021209,0.62800498557634,1.83164403773946e-06
371,3.99519158444392,96.7575626705306,-0.122860538609714,0.142910585382693,0.641234378240316,0.652981353552147,0.0297365943217794
372,4.4086008056433,80.9021686210831,-0.036507257982457,2.65575437616007,0.67659373907939,0.679733448255922,6.19591024110024e-07
373,3.82572107326326,97.498447299423,-0.0512407046456402,8.30397734744551,0.650992207707224,0.645542525003649,0.00949932199266185
374,3.53292316432551,57.6500187310954,0.178724398736025,1.30937079760442,0.564269435923509,0.561383770910665,5.46009585340273e-06
375,4.03366155657311,64.9854256718929,0.136657632968697,4.819890065609,0.641424341832459,0.639346867964323,7.04078842719649e-07
376,3.34869340752318,103.843062469885,0.046032959584292,8.94624619058043,0.71840160535286,0.719507884563433,5.11284766077395e-05
377,3.34191937639429,65.9840748085687,0.0591143018955487,3.17243880706106,0.640810186063769,0.639849512541791,1.47753266526787e-05
378,3.40735994406347,59.8071703174298,0.228431394929884,2.81348828518585,0.652510347874012,0.650026640353742,0.000193776957612161
379,3.39969197023412,53.0414555530945,0.231205310271689,0.0318016424696083,0.589517921565351,0.58862656103482,3.42734285277896e-06
380,3.14875418108326,102.190030965949,0.274838084962616,6.132174357775,0.70546413214266,0.697403054265577,0.076447379207232
381,3.4334612836415,65.6037669588686,0.323278282704346,3.70290636355209,0.65681125810864,0.653495703897612,3.86798144597436e-06
382,3.03618232908351,57.9319950231774,0.247992798114552,1.75326106118575,0.628510295359046,0.628375168040268,5.05631516784279e-06
383,3.06787176651481,63.0633397212927,0.224745921915553,1.2987975864008,0.667477092848073,0.667545777032071,6.22791115108018e-06
384,3.0681765720023,43.1439963250923,0.230837306286143,7.32734965961273e-06,0.592331792084687,0.60761766701519,0.0301229732430594
385,3.47666362775641,32.3909225175442,0.142681875577081,0.00464734603920586,0.545658321026279,0.545278724189098,1.2182929369912e-06
386,4.99975520283513,46.1623352028463,-0.125607510586982,1.36381218751105,0.530016436031624,0.52818422867716,3.44748294310667e-07
387,4.44586178656925,79.2209144401099,-0.0837518821734975,3.37549218686862,0.654975361280209,0.653143362383054,3.69563244568553e-05
388,4.05571581231376,94.0849763303992,-0.0177674191196878,1.26724958282213,0.664916203175665,0.672157603064664,0.000224916952410709
389,4.263612128131,96.0109791175915,-0.0190336042784531,2.20528053990053,0.673624958724071,0.669589080965114,1.12294677632345e-05
390,4.61246517319363,112.482388597786,-0.0351112944605922,9.79388885039267,0.755180902317094,0.754131380323845,2.10873131751539e-06
391,4.45339358276247,84.526609133643,-0.0372401128398933,5.28718286123957,0.680595761478771,0.675148162839254,2.1755960538237e-05
392,3.08660512956844,67.7501647410376,0.188972175861363,0.000395533905438229,0.581228567032082,0.577805527528688,6.6161747712006e-07
393,3.81773592462956,36.040987429708,0.0169344041018111,0.0030218491652585,0.525902865672444,0.522836338067251,5.09293067677758e-08
394,3.37972215901178,70.2456179053164,-0.0263471886667289,4.10559776675383,0.664223458534544,0.685966374731201,6.62166121661259e-06
395,3.43681506576302,66.3946306472593,0.113333661443226,4.37652692368015,0.639331645339676,0.639157400131705,0.00277186997504983
396,3.42129542838638,48.4976575141793,0.0478661610402802,0.0104798077709471,0.601795273141691,0.603209657118284,1.10952675166211e-06
397,3.67620910250154,70.7197885531741,0.0519661028717915,7.20162468713527,0.63501765966171,0.630278173312175,4.88720240855182e-06
398,3.20611039342435,66.1971608991388,0.363750780708254,5.78232703161323,0.631161314147103,0.627689413047945,5.80042221290255e-05
399,3.17292619067914,50.1020599460948,0.291556923494784,0.544620465036106,0.593242684646731,0.597033719741934,9.19085015399256e-07
400,3.00362632952591,64.6485257013784,0.239930199704059,4.09541688884305,0.648283689869961,0.656154855255441,3.03744791649055e-06
401,3.1771645453626,53.0572737589844,0.22540043834296,2.10201344292224,0.636835300012333,0.639196867581316,2.39427273649506e-05
402,2.61323449443652,63.4149563610166,0.10670242348864,3.55799701990242,0.631500118674599,0.681245716248512,0.000120100462705399
403,3.35073867416227,35.3191071224433,0.111803282742753,2.63291782678792e-07,0.559121299909018,0.570360924023116,0.0148356076045099
404,2.74609914680569,51.9860895336921,0.0906193855032583,0.212970406467967,0.6258123869038,0.665340305436835,0.407720913423618
405,5.57780754045329,66.1972528056404,-0.114767048440995,9.98952597243242,0.688081933757407,0.628160585348746,0.416967660408981
406,4.53315805329,46.6485743724768,-0.107214244515036,0.56200072728638,0.572042069917925,0.568553188288019,6.35845813733943e-06
407,4.22109221193497,69.1847806197786,-0.010643545977658,5.63758838674043,0.620928529116558,0.618669530160951,1.3707988450209e-05
408,4.23476287039122,77.3757665307983,0.0359747188949643,0.00017622829940439,0.667657384596309,0.66573288710015,0.0117673020918114
409,5.06485445406659,83.8157918157162,0.0573396095032612,4.70538711798369,0.759738676917916,0.754762524578475,0.164206003666939
410,4.0850957121506,62.6504434298709,0.0322398479025225,1.0158098936217e-06,0.614929144192326,0.596747743105686,8.11308374845506e-08
411,4.69803354372983,70.1843561010886,0.130987926591919,1.87576431545447,0.692357797307152,0.579481615695382,0.0261514154392732
412,3.47762407748195,52.5334432208423,-0.0148506703583977,0.00467726848315116,0.600131333021096,0.59766604602528,0.000880231900975271
413,3.78266000005797,38.3652531909087,0.0326491888100393,0.0556567830339496,0.579107131087258,0.576241703705024,5.80038350984701e-07
414,3.40455314095605,70.6322406559479,0.108017526770794,3.7528701797316,0.666620643810616,0.669149163664535,0.125074020272664
415,3.6200829194305,57.4645687452271,0.0798800378690043,3.10786304548494,0.640052682598281,0.634163998144756,1.17879254692469e-06
416,3.76614197217358,85.7518279968375,0.138588190377852,6.31057427190489,0.726993312115556,0.715776371171184,0.196426381948236
417,3.05945934327473,87.8957946295377,0.302987104561398,8.13190984849305,0.697072900454766,0.697683674672376,1.4998817064076e-06
418,3.02017304179112,63.1730316729672,0.188550287146166,1.79571919247932,0.64349253179556,0.644724607400554,0.000129665285963634
419,2.9409829737454,58.6176857583159,0.211869432004486,1.67828357835162,0.639091901562507,0.636488232361843,0.000299109795442408
420,3.32159155090722,54.2331092211864,0.197172338912144,3.05794670815797,0.675462311633535,0.665986532515117,0.250059493160475
421,3.41832041520507,49.5564417748541,0.129847879900545,4.32641435286404,0.637909928077856,0.642803581250277,0.000539619642270165
422,3.45232570840261,32.9285330420011,0.145933767511915,1.51268828443516e-05,0.545609063354927,0.54285345217101,1.48733528572081e-05
423,2.95874296777243,58.5370524303684,0.0206899313409391,1.49367859057592,0.620798348923681,0.624230953896231,0.134555744899572
424,5.98476659093457,22.3947402059281,-0.104246385636924,1.39336024111493e-06,0.474630512738289,0.416085953940205,0.000574906868146109
425,4.41790372604697,40.2170160134152,-0.10159196887844,0.868510622978721,0.55078652671595,0.542298147699375,2.27931849530547e-07
426,4.22605538973386,46.1303247974418,0.00476568148896487,2.08956018318624,0.581365634573096,0.573638975916337,0.133536856114406
427,4.09686543944511,59.364389007419,0.0317411274072098,0.875776700260364,0.629536330877747,0.626882907810217,5.37859291094254e-06
428,4.25598743816066,55.3119723629176,-0.127538785722819,1.02024349931986,0.641828868731486,0.641673129258425,2.16902043900005e-06
429,3.34183825321128,63.3862006211261,-0.00591113842067805,0.577149837186663,0.622602318329484,0.625199087016524,1.7360280944097e-06
430,3.79121278565911,38.4270221829276,0.203030629991128,1.27146618702232e-05,0.542316641193097,0.501427953047406,3.17885492080349e-05
431,3.351007555499,67.4782303357135,0.0903604478489587,0.565448383998455,0.651172099322413,0.647659631781083,3.2497754055759e-06
432,3.78669107463128,48.4570191848073,0.0564549959330961,1.32178601936904,0.627063882298126,0.627473244567882,7.48076114178675e-06
433,3.76893468166189,72.872989607662,0.0781046288239917,5.77612670191207,0.7004502195187,0.699716251570606,4.40086064765272e-06
434,4.12547696535823,79.6750074623243,0.274547245483269,8.40045604973447,0.699002412616363,0.70396812620871,1.55982722184599e-05
435,3.12122317852245,74.5604607860771,0.110251980175534,2.74891223422024,0.641910557632508,0.63868349423771,6.18764029902155e-05
436,3.06454778517729,84.5733990040948,0.140182106986838,4.54410375843447,0.678765242864261,0.674994133761927,0.000404800590294139
437,2.8682054641913,64.3005153411751,0.0786948139864454,5.96667157338887e-05,0.628323261668098,0.627808682054128,8.6582960006625e-07
438,2.79237392203616,54.980151128714,0.119305037241461,6.28366963243078e-05,0.606023303230807,0.605269498779099,3.82075083444541e-06
439,3.23166974994059,40.1766105641837,0.0942129547653648,4.33358234580352e-06,0.581324300072294,0.582192471173425,2.03580958797207e-06
440,3.40097665289144,51.8378593524051,0.0694449070759787,4.45411044483957,0.650469773687209,0.668696977267789,1.73485769040108e-06
441,3.62909797796748,31.5632568111657,0.122060149686698,0.14751930390347,0.557382194225285,0.564481404793775,7.12836227470258e-06
442,3.08956639533857,43.3904089093922,0.180217595766992,2.7763739028328,0.585413963916701,0.601905253461711,0.089914887957011
443,5.10274873080957,26.2440945696498,-0.0278893587051917,0.094623810718388,0.506841327829356,0.506824879195424,4.08796755565058e-06
444,4.70676469691176,32.7919038911471,-0.0655599442220648,0.471608862932043,0.542002206017811,0.525544659973693,0.00983202299276407
445,4.28374223564711,39.5099079305832,-0.00572855785248421,1.84147560324012,0.572221015954174,0.569636726929697,6.10249070076487e-06
446,4.11341330498968,45.2248707267579,0.021122643995654,0.875567627599181,0.605362473917307,0.605102553524253,4.15395169674403e-06
447,3.75226061528838,54.4393730324069,-0.134739983034131,5.26981541346206,0.631413554876256,0.635357718571609,3.60588874937024e-06
448,3.40461712766648,53.0738569545443,-0.0180055795608131,3.21355616514366,0.610957414471509,0.610093469425125,0.000432567642374925
449,3.30453710472253,52.5745623573212,6.99883426627861e-05,1.02019821226355,0.594305213158231,0.617575674858282,2.74434218040732e-06
450,3.65131374528241,45.1263782693777,0.0025178619165103,0.0564024207554353,0.598736746918325,0.586391574939902,3.35366362511098e-07
451,3.11862976269508,44.1964856328504,-0.0172013687486244,0.690102037841383,0.538001756136385,0.584236529986116,1.1417677273169e-07
452,4.88241507117913,40.6226346327925,0.0151974949600912,0.435537080357324,0.640408282046341,0.594273983231577,0.0706734789362892
453,3.54708662553643,58.9299888693723,0.216871612097941,0.0093592277461948,0.604798034868102,0.591017225787246,0.0645046126084277
454,3.27436209939797,61.5187230587247,0.0807205529367823,2.62367017005198,0.607824711132538,0.593934841251517,1.33346572602738e-06
455,3.13326963025372,83.5805830877099,0.0569895837702058,4.5491299028383,0.674644093410527,0.666822481750184,7.39733461337368e-07
456,3.11656732960226,50.6557644892617,0.072429467741964,0.224979231378506,0.599152356135395,0.601949816619145,3.20535610642546e-05
457,2.94113478953508,49.5471619481185,0.150920014404621,4.18668763145286e-05,0.596820015479818,0.597296000443181,1.49392413595492e-06
458,3.14525242233507,38.057243118016,0.0390406293496382,4.07747593439913e-06,0.558019700628681,0.563143777469402,0.0265695584524856
459,3.67283777684274,32.5467832940339,0.0483552729598922,0.384681422229089,0.575254333155616,0.56842661232267,2.29734428664726e-05
460,3.43292279782464,32.6698061924108,0.0740789728754109,3.64740971600508e-05,0.559606033733128,0.558160944278006,5.12977665173049e-06
461,3.31529682819536,44.332782334421,0.199732502466454,3.28669908737249,0.649812931440595,0.659361112210423,0.49172718744144
462,2.32989161603789,67.2808167787812,0.21986547291825,7.22174073357955,0.620722750497811,0.717278423169817,0.000464489598731785
463,7.98678650045527,21.6603171731106,0.0568479493297814,6.77433215818702,0.589211018522646,0.495667208662368,0.0933329047451273
464,5.22416752479851,25.4130103593352,0.0694976360361319,1.00121717265156,0.530372741634292,0.527893623213782,0.0470257176591159
465,4.30276420268763,29.4575687931332,0.0479019346174893,0.318995882360274,0.535885338853622,0.536042515775242,1.73165992998853e-05
466,3.95726048074374,38.2945508568502,0.0395447919036656,3.14717668550247,0.585890763713202,0.592367992377508,3.73951963031723e-06
467,3.54525766205479,50.0952776087375,0.0167821609909786,4.91631863367232,0.614514132357739,0.612750485736449,0.0861574408638423
468,3.45209467957082,40.3256412244569,-0.101937723885835,0.000360544993506803,0.556602073625584,0.556736777699785,0.0065541529417457
469,4.35041772440291,28.3015359861219,-0.0665353307976441,6.24238459558957e-05,0.541847447079318,0.496576340590476,4.17628056624539e-07
470,3.70143800823576,47.7081414705693,-0.0141667066375402,0.0117242946097583,0.59223270772465,0.594086870193355,0.00262691307238688
471,4.08539236464429,50.852347139576,0.0583678102049248,1.6804712757595e-07,0.621906533061496,0.61641571140042,7.38335286635933e-06
472,4.24418375810786,47.2554663574509,0.0793874026287884,1.1757976959179e-05,0.606402175240811,0.602160707050444,2.1700584836544e-07
473,3.31213238298173,47.2878175454446,0.0933243830343422,0.0309729241890741,0.546579612678842,0.533954528630563,3.81262584841483e-06
474,3.2028371889786,49.464805912809,0.0543140887517308,1.20891759175473,0.571835233014659,0.56809505005928,2.75724699898762e-06
475,3.52830956278665,43.6479976037814,0.0879467912615988,0.383213564215221,0.586002170810537,0.581743835362589,1.39159514052417e-06
476,3.51687039451617,32.2127736613531,0.0963303467371897,0.000216872028369677,0.52964365522968,0.523713468558042,4.60571675436868e-08
477,3.31556787351036,29.3764852176517,0.116441511752481,8.25327192390369e-05,0.507474701987955,0.493564856786436,0.00101207118880816
478,5.61725141418463,21.6808315882944,0.0522089494751851,0.248449411473834,0.565429602568211,0.446042644759163,7.61002068679228e-05
479,2.83419951067405,45.0214174985581,-0.0705382483193597,7.52599281510326e-05,0.592133205889013,0.596479618780817,0.0523628939153236
480,3.01915214933039,52.3608968162259,0.0142605703681862,3.37512271780512,0.626053603634712,0.623705193194917,5.6859290919234e-06
481,3.50665013123575,52.9365682163062,0.112630789140798,6.99243336672372,0.693069241983563,0.701706324538939,0.412229610446133
482,2.79909758910465,68.9933164543525,0.086063901074503,10.1052945728123,0.650314813881834,0.691565620358295,0.00247852583541568
483,4.5133322359935,37.7430956394855,0.108979600661037,11.3691520593665,0.578733665311322,0.617037976219618,2.62535266528093e-06
484,4.33558533314019,31.0884468839768,0.0559060852744181,2.34616065215132,0.547184047085235,0.547905276924692,3.2865171562303e-06
485,4.26061330935553,56.8948906642196,0.118145376757398,9.80119013054719,0.660715669690482,0.656173095487721,2.25071440336683e-06
486,3.98431182797164,30.9257617927229,0.126085289970641,2.42634051694075,0.559320837583827,0.558058307051495,1.76335766372983e-05
487,3.34600327925706,41.4235534665001,0.0654002495978659,3.26753522581391,0.582596037246868,0.593793761093608,0.00307696516187778
488,3.53948326662489,46.1736370049356,-0.0696408041635294,3.82283650323754,0.602430885082474,0.60189069227277,1.50479194065924e-05
489,3.43791104975545,72.7164034881418,-0.0651523476858227,10.2257933441526,0.683670495662501,0.708877879224796,3.03832841150285e-06
490,5.14475628785418,65.6333376788128,0.0152858979944576,11.6030199653983,0.728599239202315,0.683255404532721,0.106900069887997
491,3.08506029846354,91.581553481302,0.192742909674833,8.98171465620693,0.64855248198052,0.711503022853919,7.30449611124183e-06
492,3.58475325656885,58.566483110329,0.0832690991850326,1.73423009338884e-05,0.587802604238924,0.581063740863492,2.19951392891336e-07
493,3.40854715433261,59.8683294546824,0.0826297368579582,0.371584265060513,0.616535730505621,0.611923961006154,3.18846244184497e-06
494,3.21494235772714,40.3889432773764,0.0420862118593921,8.20126322870199e-06,0.538381753035369,0.536244547941826,0.00243939477546642
495,3.61485397005105,52.8779269403211,0.131951930240632,5.71165899735002,0.634904506503484,0.638301529982817,1.52606169971287e-06
496,3.42127569065072,38.1685624550024,0.0743524334857187,1.90069504009988,0.570419933411425,0.574351628493412,1.41542809297112e-06
497,3.49833964684196,32.3993582217172,0.148766484676801,4.81912163443121e-06,0.55037529224795,0.548360475166906,2.74769638944555e-06
498,3.58534492528473,26.0252829123071,0.085704111122045,2.5487924110134e-06,0.504539273513793,0.492989222303815,2.51176158868807e-07
499,4.08630895330183,27.4984156888537,0.0017738597479797,0.919968195941595,0.558299598978804,0.48653769905828,2.82972622000429e-06
500,3.33909030710768,52.6842804113422,0.0170418288466852,9.17109702999928,0.654108457590689,0.682804363722002,2.76363630693518e-06
501,2.15793920705198,60.9992316889985,-0.00647053241556926,1.98016102138484e-05,0.617098593749479,0.754384362911578,0.434796131937753
502,3.52559701912056,55.2046207422533,0.0973981823612395,12.0438897148917,0.673323137333034,0.672068759131593,0.212402554768116
503,3.99159519599109,36.2538796196125,0.0972907391870551,7.39964001714171,0.557176685973082,0.574781171456834,2.04207918048138e-07
504,3.7956005222082,53.5589995095165,0.11626206350729,0.642213899320853,0.638063387416235,0.638289882554262,2.85195318660847e-05
505,3.7809849180094,41.4549283822244,0.108302678521714,5.89582454951049,0.600650343536373,0.598265209813537,7.08970118355028e-06
506,3.76826526311662,25.5051989514182,0.0734282111725557,0.897829406288593,0.522874021432197,0.520089574812862,1.94917098965055e-06
507,3.71061828659703,29.8354077583424,0.0512914929442279,3.17126131818582,0.549484047962641,0.555931296452178,2.9299926595467e-06
508,3.75778959981029,43.8920297893742,0.0409309415725495,6.38058229380081,0.612472350468541,0.628955309988515,1.84387510854554e-05
509,4.55483160135331,32.4545118899476,0.00800556003848772,3.5106580668372,0.584435054410567,0.586708194121666,2.6475458151102e-06
510,4.79229613387275,37.0702191149217,0.0438362631815655,4.98724786301978,0.576510289994345,0.579881108585778,0.00020594981296665
511,4.09344157828297,49.7188300834554,0.206125209044209,6.67080590972453,0.570584427228219,0.563691110134482,1.58760759363323e-07
512,2.96918563355867,89.6055003520152,0.2484775920073,1.71152859127643,0.577844559074829,0.5742670208463,4.45065031842747e-05
513,3.41246942693226,44.3733214104358,0.101147857431203,3.56477362100376e-06,0.537438505198778,0.525437373060999,2.29604699760057e-06
514,3.32824265941552,44.7955458957173,0.0358331288895017,0.701137349324396,0.559113640076659,0.557340073104813,1.38222516012439e-07
515,3.51320495293775,56.122546064069,0.0996436224592909,2.78086142546364,0.637989302344388,0.640099687783527,1.70034671184656e-06
516,3.50283302208262,32.7444836721549,0.0971547603947085,0.000136166695781596,0.552785018210753,0.551504757348916,9.6227146166918e-07
517,3.38956947049144,53.4698628863706,0.0338781116679296,1.49281064297581,0.645512405356322,0.641548896657126,0.00210397323065185
518,3.49289433598382,33.5897479226006,-0.0107845452114944,1.35985977789459e-05,0.559814611101906,0.558029993357399,1.11234476375153e-06
519,3.11975198113069,41.5632546550921,0.0904995425040744,0.931266791109371,0.57717956868092,0.577352480900205,5.94774998962549e-06
520,4.13146405211831,40.4926324685632,0.0258577922072379,9.1464070532043,0.641541210173728,0.639305584471771,9.03356141342658e-06
521,2.16895891455338,49.064882250022,-0.0238737624269862,2.52145452332279,0.543252011180507,0.675259060307548,5.89692171029363e-06
522,3.98382476791846,29.6827134663309,0.157176182392854,2.91004522533197,0.525289369865937,0.530896019683763,1.13198360336883e-05
523,3.69277458620785,59.1530713621821,0.0211687486507661,4.69099017967429,0.65603514885287,0.659373536635038,1.52306272445034e-05
524,3.66616427436258,49.2935557536952,0.144808909120221,6.95652386360155,0.63610523811947,0.640284715034226,0.00149528321292051
525,3.89770636749142,80.2689119501939,0.0888018834071712,21.7545303270659,0.760230710671774,0.752322392670068,7.97370195721325e-07
526,4.57046885777091,35.2698422029709,0.0901563415246611,8.94805994417257,0.646014773845261,0.607852896796454,0.144877191028738
527,4.09214830588429,31.1313245351816,0.0423533882512056,0.126453150222242,0.554453064613098,0.546107413705908,2.83014991458067e-05
528,4.45460846254207,28.5439965484452,0.020543105136867,1.18379566931013,0.553413377872536,0.55224098236605,9.32837278729732e-07
529,3.35151021936412,101.882072024439,0.0251225790393184,8.33951128459897,0.706509767230763,0.761863887508156,0.0148467271848262
530,4.70816103650589,29.8831147802218,0.200734124247049,0.488491493519655,0.481787196793131,0.478485792744376,0.000611812496957952
531,3.35388498364211,61.372716772586,0.255876474955119,3.63144747248607,0.539758547277007,0.538019442992401,0.00405136630790075
532,3.26225358488567,51.2612088764798,0.129166208588946,2.04804383655713e-06,0.553126986744837,0.545976892396654,0.000540486059242983
533,3.41658399942638,42.070481003675,0.0209563308252889,0.0649342767071521,0.542685733198734,0.540504776648758,1.24681433777601e-05
534,3.33636128429623,40.7644928729575,0.0260262433686624,3.17920481312352e-05,0.558798977559735,0.555568231781102,3.20558035927104e-05
535,3.21508775479763,59.4196874582976,0.0632169814167229,8.61494265535005,0.652923659274781,0.650914325400305,3.1338260798705e-06
536,4.2460365884869,24.6434589867072,-0.09462944446443,0.641680480723283,0.542369962768446,0.470396974486361,1.80678546482202e-07
537,3.45334885740171,39.3192122335524,0.0259480590203483,4.35896595466628,0.602024526014737,0.602683704876585,0.000848359660730537
538,3.40020439248703,37.4494358821921,0.0589674714520784,3.98464774787041,0.581970909371462,0.601157771887346,1.00519208432856e-06
539,4.07906867182657,25.2464352937697,0.0461926833761251,0.347152483717646,0.542261350049054,0.541517938449119,7.77419784559758e-06
540,3.69396165620584,35.4456858983977,0.105123874834202,3.79759285547506,0.587068959596662,0.599562094770179,1.77386102573449e-05
